{
    "RootType": "saveMetadataContainer",
    "Data": {
        "metadata": {
            "gameDefinition": "",
            "activeQuests": "6B577A51814903CA;E118A84B9942C8C4;E5B7576313A99B86",
            "trackedQuestEntry": "quests/minor_quest/mq044_jakes_vehicle/mq044_jakes_vehicle/01_reach_garage",
            "trackedQuest": "LocKey#51750",
            "mainQuest": "LocKey#9860",
            "debugString": "",
            "locationName": "LocKey#51260",
            "playerPosition": {
                "X": 1677.3438720703126,
                "Y": -753.1650390625,
                "Z": 50.399314880371097
            },
            "playTime": 312430.1609721,
            "playthroughTime": 379800.1925367,
            "nextSavableEntityID": 9016239,
            "nextNonSavableEntityID": 10639481,
            "lifePath": "StreetKid",
            "bodyGender": "Male",
            "brainGender": "Male",
            "level": 47.0,
            "streetCred": 50.0,
            "gunslinger": 0.0,
            "assault": 8.0,
            "demolition": 3.0,
            "athletics": 4.0,
            "brawling": 1.0,
            "coldBlood": 6.0,
            "stealth": 6.0,
            "engineering": 8.0,
            "crafting": 13.0,
            "hacking": 8.0,
            "combatHacking": 9.0,
            "strength": 10.0,
            "intelligence": 17.0,
            "reflexes": 9.0,
            "technicalAbility": 20.0,
            "cool": 10.0,
            "initialBuildID": "3.0.374  P4CL: 4176338  Stream: //R6.Root/R6.Platform.Star.Dev ",
            "finishedQuests": "q004 q005 q000 q001 q003 q112 q110 q105 q104 q101 q103 q108 q302 q301 sa_ep1_37 we_ep1_17 we_ep1_01 sq030 sq031 sq032 sq028 sq023 sq027 sq026 sq025 sq018 sq017 sq012 sq011 sq004 mq010 mq011 mq013 mq017 mq019 mq001 mq035 mq032 mq038 mq021 mq023 mq022 mq024 mq055 mq048 mq040 sa_ep1_courier ma_bls_ina_se1_13 ma_bls_ina_se1_17 ma_bls_ina_se1_08 ma_bls_ina_se1_07 sts_wbr_jpn_12 sts_wbr_jpn_05 sts_wbr_jpn_01 sts_wbr_jpn_03 sts_wbr_jpn_02 ma_cct_cpz_06 sts_wat_kab_107 sts_wat_kab_102 sts_std_rcr_04 sts_wat_lch_03 sts_wat_lch_01 sts_wat_lch_06 sts_wat_lch_05 sts_hey_gle_04 sts_hey_gle_06 ma_wbr_nok_03 ma_wbr_nok_04 ma_cct_dtn_07 ma_cct_dtn_15 ma_wat_kab_08 ma_wat_kab_02 ma_wat_kab_03 ma_wat_kab_10 ma_wat_kab_12 ma_std_rcr_02 ma_std_rcr_01 ma_std_rcr_06 ma_std_rcr_07 ma_std_rcr_05 ma_std_rcr_08 ma_std_rcr_14 ma_std_rcr_13 ma_std_rcr_12 sts_std_arr_01 sts_std_arr_11 sts_hey_rey_08 sts_hey_rey_09 sts_hey_rey_06 sts_hey_rey_02 sts_hey_rey_01 ma_hey_spr_11 ma_hey_spr_04 ma_hey_spr_06 ma_wat_nid_14 ma_wat_nid_15 ma_wat_nid_10 ma_wat_nid_12 ma_wat_nid_13 ma_wat_nid_07 ma_wat_nid_06 ma_wat_nid_04 ma_wat_nid_03 ma_wat_nid_02 ma_wat_nid_01 ma_wat_nid_08 ma_wat_nid_27 ma_wat_nid_26 ma_wat_nid_23 ma_wat_nid_22 sts_hey_spr_03 sts_cct_cpz_01 sts_bls_ina_11 sts_bls_ina_03 sts_bls_ina_04 sts_bls_ina_07 sts_bls_ina_06 ma_hey_gle_02 ma_hey_gle_13 ma_hey_gle_11 ma_std_arr_03 ma_std_arr_06 ma_wat_lch_13 ma_wat_lch_15 ma_wat_lch_01 ma_wat_lch_06 ma_wat_lch_05 ma_wat_lch_08 sts_wat_nid_12 sts_wat_nid_07 sts_wat_nid_06 sts_wat_nid_05 sts_wat_nid_04 sts_wat_nid_03 sts_wat_nid_02 sts_wat_nid_01 sts_wat_kab_02 sts_wat_kab_03 sts_wat_kab_01 sts_wat_kab_06 sts_wat_kab_07 sts_wat_kab_05 sts_wat_kab_08 sts_pac_cvi_02 ma_pac_cvi_07 ma_pac_cvi_08 sts_wbr_hil_06 sts_wbr_hil_07 sts_wbr_hil_01 ma_wbr_jpn_20 ma_wbr_jpn_15 ma_wbr_jpn_08 ma_wbr_jpn_07 sts_cct_dtn_04 sts_cct_dtn_05 ma_wbr_hil_04 ma_wbr_hil_02 ma_wbr_hil_03 ",
            "playthroughID": "5fe8fd9aeee00f35",
            "pointOfNoReturnId": "5ff908d878a23b54",
            "visitID": "74e1cf3d-4acf-425f-b260-772de41a7250",
            "buildSKU": "",
            "buildPatch": "2.1",
            "difficulty": "Hard",
            "facts": [
                "player_drunk=0",
                "q003_anthony_won=1",
                "q110_done=1",
                "q110_voodoo_queen_dead=1",
                "sq032_q104_ready=0",
                "sq027_panam_lover=1",
                "sq032_q112_ready=0",
                "q301_done=1",
                "q101_done=1",
                "q104_done=1",
                "q112_done=2",
                "q103_helped_panam=1",
                "sq012_fact_unknown_assassin=1",
                "sq032_q110_ready=0",
                "sq004_mitch_available=1",
                "q003_royce_dead=1",
                "q301_07_v_spotted=1",
                "sq018_done=1",
                "sq032_03_mikoshi_known=1",
                "sq030_done=1",
                "sq012_done=1",
                "sq030_friendship=1",
                "q000_street_kid_background=1",
                "sq023_joshua_inside=1",
                "sq028_kerry_relationship=1",
                "ep1_active=1",
                "sq017_kerry_kiss=1",
                "sq031_rogue_lover=1",
                "q103_rogue_met=1",
                "mq301_active=1",
                "sq025_done=1",
                "q301_active=0",
                "q112_takemura_dead=1",
                "sq004_done=1",
                "sq031_rogue_met_johnny=1",
                "sq027_done=1",
                "sq017_done=1",
                "sq032_q105_ready=0",
                "sq012_started=1",
                "ep1_side_content=1",
                "q108_done=1"
            ],
            "saveVersion": 261,
            "gameVersion": 2100,
            "timestampString": "22:34:32, 5.01.2025",
            "name": "ManualSave-3",
            "userName": "",
            "buildID": "3.0.4984974  P4CL: 6525662  Stream: //R6.Root/R6.Release ",
            "platform": "pc",
            "censorFlags": "",
            "buildConfiguration": "final",
            "fileSize": 4938575,
            "isForced": false,
            "isCheckpoint": false,
            "initialLoadingScreenID": 188444315029,
            "isStoryMode": false,
            "isPointOfNoReturn": false,
            "isEndGameSave": false,
            "isModded": false,
            "additionalContentIds": [
                "EP1"
            ]
        }
    }
}